"7",950000,"90-11-21","Stockholm","","Sweden","Sweden",71,185,2009,2,53,"L","Rodin","Anton","RW","VAN",3,0,1,0,1,1,1,0.3,0,40,1604,26.7,8.92,8.91,"19.10%","100.00%","14.30%","1","1143","2.24","0","100.00%",1,"2.24",5,5,3,2,2,2,0.1,0,0,0,"0",33.5,38.2,"0",0,0,2,"-2",1,1,2,1,1,2,1,"4.30%",0,0,0,0,"0.00%","0.00%",0,0,0,0,0,0,0,0,0,0,0,0,0,0,0,0,0,0,0,0,0,0,0,0,0,0,0,0,1,0,0,0,0,0,0,2,0,0,0,0,0,0,0,0,0,0,0,17,23,10,15,7,11,0.7,0.5,3,2,1,0,1,0,1,0,2,0,16,13,1,12,3,4,0,1,0,0.1,0.1,113.46,1,0,"89.8",0.6,0.18
"23",925000,"96-05-01","Calgary","AB","Canada","Sweden",72,190,2014,1,8,"R","Nylander","William","C/RW","TOR",81,22,39,23,16,61,-3,7.2,32,1766,77820,1291.4,15.92,15.96,"28.50%","82.40%","9.10%","0.928","1019","3.44","2.04","62.70%",30,"1.39",361,363,284,204,205,205,19.7,67,6,21,"27",31.8,29,"391.4",25,25,NA,"#VALUE!",81,30,59,16,30,59,16,"1.50%",49,73,49,73,"40.20%","10.40%",9,11,15,29,25,33,19,24,21,21,24,48,0,1,2,1,0,0,1,0,1,6,1,0,13,0,5,13,63,8,1,11,77,12,2,94,16,6,16,6,-10,-6.6,16,0,0,0,0,1527,1091,1162,841,810,610,82.8,50.4,305,170,74,44,42,25,74,56,116,81,546,630,418,585,210,189,75,78,5.7,1.1,6.8,3233.56,73,5.3,"121.6",61,0.75
"29",792500,"94-03-23","Boden","","Sweden","Sweden",75,209,2012,3,81,"R","Sundqvist","Oskar","C","PIT",10,0,0,0,0,0,-4,-1.7,2,138,5504,91.6,9.17,9.17,"16.70%","0.00%","5.90%","0.844","903","1.31","4.59","22.20%",-5,"-3.28",10,10,9,9,9,9,0.6,3,0,0,"0",31.9,31.5,"0",13,13,15,"-2",0,2,1,2,2,1,2,"2.10%",16,28,16,28,"36.40%","62.90%",5,12,7,8,4,8,5,11,3,3,11,23,0,0,0,0,0,0,0,0,0,0,0,0,0,0,0,0,0,2,1,0,1,0,0,5,1,1,1,1,0,0,1,0,0,0,0,71,97,49,66,34,45,2.5,4.3,10,15,2,7,1,2,6,6,7,8,29,41,64,47,15,4,3,4,-0.3,-0.1,-0.4,456.16,17,14,"110.1",-0.9,-0.09
"40",4500000,"86-08-01","Tibro","","Sweden","Sweden",71,190,2005,7,216,"R","Stralman","Anton","D","T.B",73,5,17,8,9,22,1,1.8,20,1963,100304,1664.1,22.9,22.87,"38.30%","32.40%","8.80%","0.908","997","2.45","2.85","46.30%",-11,"-0.4",257,257,183,130,130,130,6.2,9,6,4,"10",48.9,44,"146.9",106,106,78,"28",53,27,26,96,27,26,96,"6.30%",0,0,0,0,"0.00%","0.00%",0,0,0,0,0,0,0,0,0,0,0,0,0,0,0,2,0,0,0,0,0,0,0,0,5,0,1,9,43,7,0,40,5,2,0,76,10,10,10,9,0,9.9,10,0,0,0,0,1441,1524,1101,1182,770,861,68.3,68.3,223,192,68,79,56,50,71,82,127,132,831,919,600,568,209,187,83,96,0.9,3.9,4.8,2678.66,222,13.2,"106.9",32.1,0.44
"46",925000,"94-09-22","Stockholm","","Sweden","Sweden",74,196,2013,1,14,"L","Wennberg","Alex","C","CBJ",80,13,46,27,19,59,9,3.6,21,1893,88212,1468.8,18.38,18.37,"31.20%","68.60%","10.40%","0.929","1033","3.51","1.8","66.20%",42,"1.72",186,186,135,109,109,109,10.7,36,10,11,"21",30.8,28.8,"412.4",58,58,81,"-23",26,31,44,56,31,44,56,"4.80%",609,676,609,676,"47.40%","86.40%",148,169,211,235,250,272,160,206,211,219,368,407,0,4,5,0,0,0,2,1,1,0,2,0,7,1,0,1,24,7,1,6,24,4,0,67,9,15,9,16,6,7.4,8,1,0,0,0,1481,1164,1112,873,824,617,78.3,54.2,275,173,86,44,68,44,54,38,122,82,711,776,342,361,162,178,47,86,4,1.9,5.9,3239.72,136,12.8,"108",54.1,0.68
"53",2500000,"94-12-02","Boden","","Sweden","Sweden",73,192,2013,1,5,"R","Lindholm","Elias","C/RW","CAR",72,11,34,29,5,45,-2,2.8,16,1743,78543,1289.7,18.18,18.09,"30.50%","69.20%","9.60%","0.899","995","3.02","2.56","54.20%",10,"0.47",268,272,216,149,151,151,19.2,80,16,9,"25",27.3,24.8,"598.3",99,98,98,"0",69,37,57,43,36,54,43,"4.00%",353,282,346,280,"55.60%","49.90%",122,106,86,51,145,125,97,68,110,99,225,189,0,3,0,1,0,0,0,0,0,4,0,0,7,0,0,5,64,7,5,7,49,13,0,70,8,15,8,11,7,5.8,8,0,0,0,0,1367,1085,1007,800,677,547,72.9,56.3,257,208,65,55,69,44,61,61,130,105,713,542,382,437,202,228,56,57,2.5,1.6,4.1,2944,158,19.5,"114.1",49.7,0.7
"55",792500,"95-03-14","Molnlycke","","Sweden","Sweden",72,201,2013,6,180,"L","Blidh","Anton","LW","BOS",19,1,1,1,0,2,-2,5.3,7,237,10006,166.6,8.78,8.78,"17.80%","66.70%","3.40%","0.922","956","1.08","1.8","37.50%",-2,"-0.72",47,47,37,26,26,26,2.8,10,3,3,"6",31.7,30.9,"54.2",41,41,16,"25",11,4,4,4,4,4,4,"3.00%",0,0,0,0,"0.00%","0.00%",0,0,0,0,0,0,0,0,0,0,0,0,0,0,0,0,0,0,0,0,0,0,1,0,0,0,0,2,9,2,0,1,4,5,0,14,2,5,2,4,3,2,1,1,0,0,0,167,133,125,95,87,64,7,5.6,23,19,3,5,7,4,11,4,18,8,71,71,107,100,15,27,12,10,-0.1,0.1,0,767.24,53,45,"108.1",5.8,0.3
"57",4750000,"85-10-12","Malm_","","Sweden","Sweden",75,210,2004,2,49,"L","Soderberg","Carl","C/LW","COL",80,6,8,4,4,14,-26,-13.1,22,1472,64537,1073.1,13.45,13.44,"24.20%","48.30%","6.20%","0.894","957","1.62","3.3","33.00%",-30,"-1.68",210,210,170,126,128,128,10.2,32,7,9,"16",32.5,30.4,"97.8",34,34,77,"-43",44,19,30,42,19,30,42,"4.30%",365,337,365,337,"52.00%","72.60%",131,134,133,118,101,85,109,83,135,135,223,199,0,0,0,0,0,0,0,0,1,2,0,0,3,0,2,5,37,16,0,2,8,7,1,94,11,17,10,12,6,5,11,0,0,0,0,891,966,658,723,467,559,35.5,40.8,100,134,29,59,22,41,35,37,57,78,510,457,398,343,114,110,78,62,-0.8,0.4,-0.4,3353.28,98,5.8,"103.8",11.7,0.15
"94",3575000,"89-03-17","Vasteras","","Sweden","Sweden",73,199,2007,1,24,"L","Backlund","Mikael","C","CGY",81,22,31,21,10,53,9,5.6,36,1914,85565,1424.4,17.6,17.6,"29.60%","67.10%","10.20%","0.896","997","3.33","2.82","54.10%",12,"0.51",338,338,272,197,197,197,20.4,73,18,31,"49",29.6,28.3,"315.7",55,55,38,"17",75,49,57,41,49,57,41,"3.30%",711,768,711,768,"48.10%","95.90%",310,381,229,226,172,161,212,255,262,246,420,475,2,4,7,0,0,0,2,0,1,1,4,0,14,1,5,11,58,17,4,18,27,15,1,115,14,9,12,6,-5,-6.1,13,0,0,0,1,1427,1226,1079,917,778,643,70.9,66.4,224,238,79,67,57,45,87,63,144,108,737,806,337,339,219,182,99,84,4.1,2.1,6.2,3392.51,132,8.6,"111.8",61.5,0.76
"124",575000,"90-07-03","Vasteras","","Sweden","Sweden",75,205,NA,NA,NA,"L","Rasmussen","Dennis","C","CHI",68,4,4,4,0,8,-4,1.3,12,1256,48254,803.8,11.83,11.83,"21.70%","44.40%","5.30%","0.927","981","1.34","2.39","36.00%",-14,"-1.05",114,114,91,77,77,77,6.3,21,4,9,"13",29.8,26,"144.5",61,61,122,"-61",14,19,25,49,19,25,49,"5.70%",165,205,165,205,"44.60%","44.80%",63,96,57,53,45,56,49,67,49,62,119,130,0,0,0,0,0,0,1,0,0,1,0,0,2,0,0,3,11,11,1,3,4,5,2,51,6,13,6,9,7,-0.2,6,0,0,0,0,615,860,442,586,338,440,25.8,36.5,80,134,18,32,20,28,36,38,56,66,390,435,255,423,132,85,40,33,-0.9,0.6,-0.4,2908.9,122,14.3,"110.1",11.7,0.17
"126",3e+06,"90-05-24","Borlange","","Sweden","Sweden",76,215,2009,4,102,"L","Ekholm","Mattias","D","NSH",82,3,20,6,14,23,4,6.4,34,2330,115415,1915.7,23.45,23.42,"39.50%","32.90%","7.50%","0.921","996","2.19","2.32","48.60%",-4,"-0.13",284,284,188,120,120,120,7.5,16,11,7,"18",47.3,42.9,"149.6",61,61,131,"-70",68,66,38,108,66,38,108,"6.30%",0,0,0,0,"0.00%","0.00%",0,0,0,0,0,0,0,0,0,0,0,0,0,0,1,0,0,0,0,0,1,1,0,0,1,0,3,7,58,11,2,47,12,0,2,46,17,12,17,10,-5,4.3,17,0,0,0,0,1749,1723,1315,1326,938,941,80.6,81.4,247,252,70,74,67,49,88,76,155,125,1012,964,600,629,243,226,99,122,0.5,4.1,4.6,2932.08,203,5.8,"108.7",38.3,0.47
"156",9e+05,"96-10-31","Stockholm","","Sweden","Sweden",73,184,2015,2,45,"R","Forsbacka Karlsson","Jakob","C","BOS",1,0,0,0,0,0,0,0.4,0,13,505,8.4,8.42,8.42,"16.00%","0.00%","0.00%","1","1000","0","0","0.00%",0,"0",0,0,0,0,0,0,0,0,0,0,"0",0,NA,"0",0,0,0,"0",0,0,0,1,0,0,1,"20.00%",1,1,1,1,"50.00%","66.70%",1,0,0,0,0,1,1,1,0,0,1,1,0,0,0,0,0,0,0,0,0,0,0,0,0,0,0,0,0,0,0,0,0,0,0,0,0,0,0,0,0,0,0,0,0,0,0,7,5,5,3,3,2,0.4,0,2,0,0,0,0,0,1,0,1,0,1,2,7,2,0,1,0,2,0,0,0,44.24,1,0,"85.5",0.2,0.15
"160",1850000,"90-07-18","Lycksele","","Sweden","Sweden",72,180,NA,NA,NA,"R","Karlsson","Melker","C/RW","S.J",67,11,11,5,6,22,7,1.4,22,1337,51459,855.9,12.8,12.79,"23.40%","78.60%","8.50%","0.922","1006","1.96","2.24","46.70%",-4,"-0.28",133,132,105,73,73,73,9.2,38,6,9,"15",25.1,22.2,"129.4",67,67,106,"-39",32,23,17,59,23,17,59,"6.90%",1,5,1,5,"16.70%","0.80%",0,0,0,2,1,3,1,0,0,5,0,3,0,1,1,0,1,1,1,2,1,0,3,0,4,0,0,1,31,6,5,6,4,7,0,45,11,16,10,16,5,3.9,11,0,0,0,0,702,852,502,584,331,408,26.9,39.8,81,143,28,32,17,33,36,32,53,65,357,425,318,366,152,107,47,55,1.2,1.4,2.6,2795.11,148,7.6,"108.9",25.9,0.39
"167",7e+06,"90-05-31","Landsbro","","Sweden","Sweden",72,191,2008,1,15,"R","Karlsson","Erik","D","OTT",77,17,54,25,29,71,10,7,28,2425,123989,2054.1,26.83,26.78,"44.30%","66.40%","9.50%","0.918","1013","3.13","2.37","56.90%",26,"0.76",506,464,337,218,218,218,13.1,21,11,27,"38",48.5,44.9,"409.3",67,67,84,"-17",119,106,59,201,106,59,201,"10.60%",0,0,0,0,"0.00%","0.00%",0,0,0,0,0,0,0,0,0,0,0,0,1,3,5,1,0,0,0,0,4,2,0,0,11,3,5,17,94,5,0,81,35,3,0,94,14,22,14,16,8,13,14,0,0,0,0,2093,1894,1572,1382,1127,987,99,87.4,309,284,107,81,102,72,105,100,207,172,1083,987,751,635,346,226,108,132,7.2,5.7,12.9,2586.45,296,9,"116.5",73.6,0.96
"171",4e+06,"93-03-01","Leksand","","Sweden","Sweden",74,200,2011,2,42,"L","Rask","Victor","C","CAR",82,16,29,11,18,45,-10,-2.8,16,1863,85088,1398.4,17.3,17.22,"29.70%","67.20%","8.50%","0.906","991","2.87","2.66","51.90%",5,"0.21",307,310,233,185,186,186,15.9,53,16,20,"36",36.9,32.6,"193.4",43,42,91,"-49",48,46,41,33,46,41,33,"2.70%",457,461,455,457,"49.80%","70.40%",89,136,175,154,193,171,113,136,169,145,273,292,0,3,3,1,0,0,0,1,1,7,0,0,7,1,2,2,43,12,4,24,59,3,0,84,7,9,7,9,2,6.1,7,0,0,0,0,1445,1210,1083,929,789,660,74.3,61.3,245,218,67,62,59,57,70,66,129,123,665,630,354,480,246,239,58,72,2.7,1.4,4.2,3312.9,92,12,"113.9",45.1,0.56
"186",9e+05,"92-02-08","Stockholm","","Sweden","Sweden",75,215,2010,2,41,"L","Nemeth","Patrik","D","DAL",40,0,3,2,1,3,-4,2.5,14,839,37869,630.2,15.78,15.77,"29.00%","15.80%","6.10%","0.911","972","1.81","2.86","38.80%",-11,"-1.05",91,91,61,46,46,46,2.5,5,3,3,"6",42.1,38,"61.1",45,45,51,"-6",15,18,10,47,18,10,47,"7.30%",0,0,0,0,"0.00%","0.00%",0,0,0,0,0,0,0,0,0,0,0,0,0,0,0,0,0,0,0,0,0,0,0,0,0,0,0,3,12,4,0,11,7,0,0,24,7,4,7,4,-3,-1.1,7,0,0,0,0,567,640,425,466,311,336,26.1,29.7,82,99,19,30,24,21,23,23,47,44,300,314,208,216,90,80,35,41,-0.5,0.8,0.3,1541.11,106,7.9,"114.9",6.6,0.16
"187",1050000,"91-04-24","Sundsvall","","Sweden","Sweden",72,184,2009,2,40,"L","Lander","Anton","C/LW/RW","EDM",22,1,3,1,2,4,2,-0.4,6,351,12902,214.9,9.77,9.77,"17.40%","44.40%","10.10%","0.9","1001","2.51","3.07","45.00%",-2,"-0.56",21,21,17,12,12,12,0.9,3,2,2,"4",34,32.1,"18.5",28,28,13,"15",5,4,8,7,4,8,7,"3.30%",79,62,79,62,"56.00%","56.60%",49,44,15,8,15,10,22,20,21,17,52,41,0,0,0,0,0,0,0,0,1,0,0,0,0,0,0,1,4,1,0,1,3,1,0,6,3,0,2,0,-3,-2,3,0,0,0,0,139,211,108,157,89,110,6.7,11.6,27,41,9,11,5,10,13,7,18,17,131,118,138,81,25,19,10,4,0,0.3,0.3,1020.35,41,12,"97.7",4,0.18
"197",4250000,"89-09-01","Halmstad","","Sweden","Sweden",71,184,2008,4,121,"L","Nyquist","Gustav","RW/C/LW","DET",76,12,36,22,14,48,0,4.2,18,1675,79502,1299.3,17.42,17.32,"30.30%","70.60%","9.50%","0.911","1006","3.14","2.36","57.10%",17,"0.79",288,292,226,163,165,165,18.9,86,10,15,"25",27.4,26.5,"348.9",54,54,71,"-17",63,35,32,20,35,32,20,"2.00%",4,1,4,1,"80.00%","0.40%",1,0,2,0,1,1,0,0,2,1,2,1,0,3,2,0,0,0,2,1,1,3,0,0,5,1,2,11,49,18,2,5,35,12,2,91,9,16,8,15,7,7.5,9,0,0,0,0,1316,1011,995,796,714,574,72.5,47.8,268,156,68,51,38,21,63,57,101,78,638,614,336,446,197,126,73,89,2.9,1.7,4.7,2985.52,92,9.6,"107.5",46.5,0.62
"205",925000,"96-09-13","Kramfors","","Sweden","Sweden",74,202,2014,1,29,"L","Kempe","Adrian","LW/C","L.A",25,2,4,3,1,6,-3,0.5,6,433,18346,305.6,12.23,12.23,"22.20%","60.00%","6.60%","0.92","986","1.96","1.77","52.60%",1,"0.2",61,61,44,32,32,32,2.7,10,1,3,"4",33.8,34.5,"14.8",23,23,14,"9",12,10,5,7,10,5,7,"3.10%",67,86,67,86,"43.80%","56.50%",23,26,12,27,32,33,18,25,13,20,49,60,0,0,1,0,0,0,0,0,0,2,0,0,0,0,1,0,11,3,1,3,5,0,0,20,3,5,3,5,2,3.2,3,0,0,0,0,301,228,217,166,151,112,13.7,10.7,53,44,10,9,16,6,8,21,24,27,126,145,164,169,45,17,13,21,0,0.3,0.4,1072.21,36,9.3,"103.9",10.4,0.41
"228",925000,"97-01-02","Orebro","","Sweden","Sweden",76,191,2015,1,29,"L","Carlsson","Gabriel","D","CBJ",2,0,1,0,1,1,-2,0.3,0,46,2055,34.3,17.13,17.13,"33.50%","50.00%","10.00%","0.692","792","3.5","7.01","33.30%",-2,"-3.5",6,6,4,3,3,3,0.1,0,0,0,"0",60.3,59.5,"0",5,5,3,"2",1,0,0,2,0,0,2,"7.10%",0,0,0,0,"0.00%","0.00%",0,0,0,0,0,0,0,0,0,0,0,0,0,0,0,0,0,0,0,0,0,0,0,0,0,0,0,1,0,0,0,0,3,0,0,0,0,0,0,0,0,0.2,0,0,0,0,0,34,28,28,18,20,13,2.2,0.8,6,2,2,4,2,0,1,4,3,4,14,15,16,16,4,2,3,2,0.1,-0.1,0,68.02,7,0,"108.6",0.7,0.34
"234",832500,"95-02-09","Klagenfurt","","AUT","Sweden",75,205,2013,1,23,"L","Burakovsky","Andre","LW/C","WSH",64,12,23,9,14,35,13,0,14,1054,50931,848,13.27,13.26,"24.90%","79.50%","9.30%","0.937","1030","3.11","1.63","65.70%",21,"1.49",222,222,145,111,111,111,10.7,36,7,20,"27",30.4,28.5,"208.3",31,31,79,"-48",34,33,33,25,33,33,25,"3.70%",2,5,2,5,"28.60%","1.00%",0,0,0,0,2,5,1,1,0,3,2,2,0,6,1,0,0,0,0,0,0,2,1,0,9,0,3,4,27,3,1,5,18,3,0,81,7,5,8,5,-2,-1.7,7,0,0,0,0,958,668,654,521,471,363,39.3,33.4,126,108,44,23,24,38,49,42,73,80,353,363,268,331,141,118,50,47,2.8,1.4,4.1,2552.27,70,9.1,"115.1",41.6,0.65
"254",3e+06,"94-01-20","Helsingborg","","Sweden","Sweden",75,205,2012,1,6,"L","Lindholm","Hampus","D","ANA",66,6,14,5,9,20,13,17.8,36,1786,88900,1476.8,22.45,22.42,"37.50%","32.30%","8.30%","0.926","1009","2.52","1.95","56.40%",14,"0.57",203,203,132,94,94,94,6.3,11,4,6,"10",48.5,38.6,"117",98,98,119,"-21",38,63,18,94,63,18,94,"7.30%",2,0,2,0,"100.00%","0.10%",0,0,1,0,1,0,1,0,0,0,1,0,0,2,2,0,0,0,0,0,1,2,1,0,2,0,4,1,33,1,0,33,12,1,1,46,18,12,18,10,-6,1.2,18,0,0,0,0,1410,1288,1046,970,746,647,76,65.7,271,221,62,48,60,47,75,70,135,117,751,672,690,522,227,126,88,91,1.1,4.5,5.6,2465.56,228,6.4,"109.6",33.3,0.5
"274",5500000,"81-01-12","Stockholm","","Sweden","Sweden",72,194,2000,1,29,"L","Kronwall","Niklas","D","DET",57,2,11,5,6,13,-7,2.8,32,1466,66530,1106.8,19.45,19.44,"32.80%","28.30%","8.00%","0.914","994","2.49","2.55","49.50%",-1,"-0.05",137,137,90,67,67,67,4.3,10,2,2,"4",43.5,42.1,"90.7",77,77,61,"16",23,23,6,81,23,6,81,"8.60%",0,0,0,0,"0.00%","0.00%",0,0,0,0,0,0,0,0,0,0,0,0,0,0,0,0,0,0,0,0,1,1,0,0,0,0,0,4,19,4,0,28,8,1,0,26,16,3,16,3,-13,-6.8,16,0,0,0,0,1035,943,788,716,573,547,55.8,46.1,205,152,46,47,31,34,44,54,75,88,612,498,348,400,157,92,63,54,0.3,2.1,2.3,2270.49,190,5.2,"107.2",12.8,0.22
"287",4250000,"90-12-18","Ornskoldsvik","","Sweden","Sweden",78,223,2009,1,2,"L","Hedman","Victor","D","T.B",79,16,56,34,22,72,3,-3.4,47,2201,116175,1923.8,24.5,24.45,"40.80%","61.50%","11.80%","0.913","1031","3.65","2.43","60.00%",39,"1.22",408,397,270,166,166,166,10.8,19,14,9,"23",49.7,46.4,"438.2",93,93,116,"-23",104,73,39,132,73,39,132,"8.30%",0,0,0,0,"0.00%","0.00%",0,0,0,0,0,0,0,0,0,0,0,0,2,4,5,2,0,0,0,0,4,2,2,0,8,2,1,8,93,4,0,72,17,4,0,69,22,21,21,16,-1,4.1,21,1,0,0,0,1919,1581,1424,1218,995,901,88.2,73.3,276,229,117,78,77,58,66,104,143,162,1033,1106,638,659,259,206,123,137,7.3,4.7,12,2789.47,273,6.3,"109.2",75.4,0.95
"313",1700000,"91-09-25","G_vle","","Sweden","Sweden",71,186,2010,2,51,"R","Jarnkrok","Calle","C","NSH",81,15,16,7,9,31,-1,6.1,25,1878,76428,1271.4,15.72,15.71,"26.90%","60.80%","9.00%","0.914","1004","2.41","2.5","49.00%",-2,"-0.09",233,233,180,134,134,134,13.1,46,11,15,"26",29,26.1,"80.7",49,49,86,"-37",46,22,23,29,22,23,29,"2.50%",452,463,452,463,"49.40%","68.60%",156,195,176,145,120,123,117,126,190,180,277,274,1,3,1,0,0,0,2,0,0,1,1,0,11,0,2,11,33,9,4,10,13,13,0,85,11,17,11,14,6,1.6,10,1,0,0,0,1080,1181,788,886,566,617,49.9,52,159,157,51,53,45,37,52,46,97,83,661,673,367,446,168,141,58,80,1.6,1.3,2.9,3455.71,104,7.2,"106.7",35.4,0.44
"316",3667000,"88-08-23","Sodertalje","","Sweden","Sweden",71,186,2007,6,168,"L","Hagelin","Carl","LW","PIT",61,6,16,8,8,22,10,7.1,16,1334,56693,942.9,15.48,15.48,"28.60%","56.40%","7.90%","0.914","993","2.48","2.74","47.60%",-4,"-0.25",200,199,171,128,128,128,10.8,36,9,9,"18",30.5,28.5,"179.7",66,66,76,"-10",43,21,19,24,21,19,24,"2.60%",3,3,3,3,"50.00%","0.60%",1,0,0,0,2,3,2,1,1,0,1,2,0,0,2,1,0,1,0,0,1,2,0,0,3,0,0,7,36,13,0,14,28,7,2,64,8,14,8,13,6,5.7,8,0,0,0,0,855,913,664,666,494,500,40.7,46.1,136,158,39,43,34,40,28,34,62,74,442,518,318,420,129,112,50,65,0.4,1.1,1.5,2359.71,106,10.6,"112.5",33.2,0.54
"318",3e+06,"93-07-20","Karlstad","","Sweden","Sweden",75,220,2011,1,19,"L","Klefbom","Oscar","D","EDM",82,12,26,15,11,38,7,7.3,6,2197,110061,1823.1,22.37,22.32,"37.10%","35.80%","10.80%","0.906","1014","3.49","2.67","56.70%",25,"0.82",398,398,285,201,201,201,8.9,11,5,11,"16",48.8,47,"257.8",43,43,151,"-108",84,67,29,146,67,29,146,"8.90%",0,0,0,0,"0.00%","0.00%",0,0,0,0,0,0,0,0,0,0,0,0,0,2,3,0,0,0,1,0,7,3,0,0,1,0,4,5,75,8,0,85,35,0,0,73,3,5,3,3,2,9.6,3,0,0,0,0,1786,1644,1362,1194,979,863,92.1,86.2,338,302,106,81,62,80,92,95,154,175,836,948,741,638,332,217,93,99,3.3,4.3,7.6,3096.86,195,24,"112.9",50.2,0.61
"346",925000,"98-05-07","Alvkarleby","","Sweden","Finland",76,203,2016,1,4,"R","Puljujarvi","Jesse","RW","EDM",28,1,7,7,0,8,5,2.3,10,439,18907,315,11.25,11.25,"23.20%","66.70%","7.40%","0.955","1029","2.29","1.14","66.70%",6,"1.14",69,69,56,41,41,41,3.3,12,0,5,"5",39.8,36.5,"168.3",11,11,21,"-10",15,10,12,10,10,12,10,"4.20%",0,1,0,1,"0.00%","0.40%",0,1,0,0,0,0,0,0,0,1,0,0,0,0,0,0,0,0,0,0,0,1,0,0,0,0,1,3,11,0,0,3,14,2,1,21,5,3,4,2,-2,-1.7,5,0,0,0,0,307,237,231,178,163,134,14.1,11,50,35,12,6,9,5,18,17,27,22,106,147,144,127,50,31,15,20,0.1,0.6,0.7,1042.06,31,4.6,"103.6",11.4,0.41
"390",4100000,"87-06-06","Eksjo","","Sweden","Sweden",75,197,2005,4,108,"L","Hjalmarsson","Niklas","D","CHI",73,5,13,7,6,18,12,-2.6,20,2061,94148,1560.4,21.5,21.46,"37.20%","30.50%","9.20%","0.913","1005","2.27","2.88","44.00%",-16,"-0.62",135,135,78,61,61,61,2.7,7,2,3,"5",49,46.8,"138.7",23,23,148,"-125",17,70,23,181,70,23,181,"11.70%",0,0,0,0,"0.00%","0.00%",0,0,0,0,0,0,0,0,0,0,0,0,0,0,0,0,0,0,0,0,3,0,0,0,2,0,2,2,13,1,0,35,6,1,0,18,10,9,10,8,-1,5.7,10,0,0,0,0,1193,1551,861,1131,639,858,52,78.5,177,280,59,75,30,54,57,80,87,134,782,829,325,624,255,209,62,75,0.6,3.8,4.4,2631.61,224,4.6,"105.5",24.9,0.34
"460",7e+05,"92-11-24","Stockholm","","Sweden","Sweden",73,200,2011,5,126,"L","Claesson","Fredrik","D","OTT",33,3,8,3,5,11,5,5.8,4,615,26016,432.8,13.13,13.13,"25.00%","78.60%","6.30%","0.929","991","1.94","1.8","51.90%",1,"0.14",72,72,37,25,25,25,1.4,2,3,4,"7",48.8,40.4,"101.1",55,55,59,"-4",12,15,4,24,15,4,24,"6.30%",0,0,0,0,"0.00%","0.00%",0,0,0,0,0,0,0,0,0,0,0,0,0,0,0,0,0,0,0,0,2,0,0,0,1,0,0,1,11,1,0,14,4,0,1,5,2,1,1,0,-1,1.1,2,0,0,0,0,425,381,302,282,223,182,17.8,15.8,54,48,14,13,21,17,34,13,55,30,225,202,191,185,59,51,26,33,1,1.4,2.4,1297.89,83,29.5,"111.7",13.2,0.4
"477",4750000,"87-01-01","Sollentuna","","Sweden","Sweden",71,189,2005,7,230,"R","Hornqvist","Patric","RW","PIT",70,21,23,15,8,44,16,13.5,28,1495,66995,1108.7,15.95,15.91,"28.80%","52.40%","11.00%","0.93","1039","4.55","1.73","72.40%",52,"2.81",326,326,273,223,223,223,26.3,111,24,15,"39",24.9,22.9,"242",227,227,143,"84",50,11,30,62,11,30,62,"7.10%",3,8,3,8,"27.30%","0.90%",0,0,1,2,2,6,0,1,0,3,3,7,0,2,6,0,0,0,4,0,0,1,3,1,12,1,4,5,40,29,2,11,25,27,2,127,14,17,14,17,3,7.6,14,0,0,0,0,1322,871,1017,616,767,457,79.3,38.6,291,129,84,32,80,36,46,39,126,75,601,648,532,569,126,135,67,67,4,1.4,5.5,2742.78,317,18.4,"118.7",60.2,0.86
"482",1e+06,"91-12-02","Nassjo","","Sweden","Sweden",72,190,2010,6,157,"R","Fast","Jesper","RW/LW","NYR",68,6,15,10,5,21,6,-1,16,1409,56290,935,13.8,13.78,"24.60%","58.30%","9.50%","0.916","1011","2.31","2.57","47.40%",-4,"-0.26",101,101,81,56,56,56,7.6,33,5,4,"9",20.8,19,"210.3",99,99,95,"4",25,21,29,44,21,29,44,"4.80%",17,27,17,27,"38.60%","5.30%",3,0,7,19,7,8,0,10,9,8,13,17,0,0,1,0,0,0,0,0,0,1,4,0,1,0,1,3,21,1,0,1,6,15,2,31,7,7,8,8,0,-1.1,7,0,0,0,0,721,910,537,660,379,476,32.6,42.2,118,165,36,40,15,24,40,48,55,72,418,412,407,363,165,119,55,45,0.4,1.1,1.5,2871.35,159,18.3,"104.7",19,0.28
"517",7e+06,"87-11-23","G_vle","","Sweden","Sweden",73,213,2006,1,4,"L","Backstrom","Nicklas","C","WSH",82,23,63,32,31,86,17,1.3,38,1842,89839,1495.3,18.27,18.25,"30.90%","84.30%","11.90%","0.923","1042","4.09","1.97","67.50%",53,"2.13",268,268,218,161,162,162,17,64,14,16,"30",30.6,29.3,"454.6",45,45,71,"-26",57,54,61,33,54,61,33,"2.70%",685,648,685,648,"51.40%","81.50%",170,205,247,213,268,230,210,169,237,243,417,404,2,5,5,1,0,0,3,1,1,4,2,0,12,0,5,8,44,12,4,14,34,12,0,86,19,11,19,8,-8,-4.1,19,0,0,0,0,1626,1237,1254,939,858,635,85,60.8,279,217,102,49,56,49,71,82,127,131,846,790,493,435,267,204,90,73,7.8,2.1,9.9,3337.35,116,5.6,"114.9",74.5,0.91
"528",4e+06,"93-07-12","Karlstad","","Sweden","Sweden",73,193,2011,1,10,"L","Brodin","Jonas","D","MIN",68,3,22,8,14,25,5,11.9,20,1694,79838,1325.2,19.55,19.54,"33.10%","39.70%","9.80%","0.918","1017","2.85","2.31","55.30%",12,"0.54",186,186,123,85,85,85,3.7,5,2,7,"9",53,50.2,"153.1",20,20,81,"-61",38,29,16,89,29,16,89,"7.60%",0,0,0,0,"0.00%","0.00%",0,0,0,0,0,0,0,0,0,0,0,0,0,1,2,0,0,0,0,0,0,0,0,0,3,0,1,3,34,1,0,37,7,0,0,40,10,7,10,6,-3,3.8,10,0,0,0,0,1155,1176,875,878,641,625,53.3,47,194,140,63,51,37,30,53,51,90,81,633,600,352,442,136,128,66,64,1.4,2.7,4.1,2676.69,129,3.6,"105.5",27.6,0.41
"534",1e+06,"93-01-08","Marsta","","Sweden","Sweden",73,189,2011,2,53,"L","Karlsson","William","C","CBJ",81,6,19,13,6,25,10,0.6,10,1587,65063,1084.3,13.38,13.39,"23.70%","58.10%","8.80%","0.925","1013","2.38","2.49","48.90%",-2,"-0.11",169,169,130,96,96,96,10.1,39,8,7,"15",26,25.6,"247.8",35,35,44,"-9",34,20,33,24,20,33,24,"2.20%",435,525,435,525,"45.30%","88.10%",182,270,141,134,112,121,131,157,157,198,264,314,0,2,3,0,0,0,1,0,0,1,0,0,4,0,1,2,31,13,3,8,23,5,0,44,4,10,5,9,6,3,4,0,0,0,0,834,1102,643,852,490,602,42,59.8,143,193,43,45,32,53,40,38,72,91,496,594,336,351,117,102,61,52,0.5,1.5,2,3494.47,69,17,"107.1",22.4,0.28
"541",6500000,"84-03-01","Winnipeg","MB","Canada","Sweden",72,211,2002,1,24,"L","Steen","Alex","LW/C","STL",76,16,35,20,15,51,-2,-0.1,53,2047,88034,1462.6,19.3,19.28,"32.40%","69.90%","11.10%","0.902","1013","2.99","2.71","52.50%",7,"0.29",228,228,174,117,117,117,12.6,41,6,6,"12",30.3,27.9,"294.5",33,33,101,"-68",57,18,27,69,18,27,69,"5.40%",101,146,101,146,"40.90%","14.20%",32,43,39,47,30,56,34,38,27,43,59,108,0,2,2,4,0,0,0,0,3,2,1,0,10,2,3,6,46,10,0,25,7,12,0,63,21,24,19,16,3,-2.5,19,1,0,1,0,1238,1285,926,931,655,673,61.6,56.4,206,182,73,66,41,43,33,48,74,91,871,866,300,448,122,134,92,74,3.3,1.6,5,3053.95,156,3.2,"103.5",42.3,0.56
"545",925000,"97-01-29","Karlstad","","Sweden","Sweden",74,197,2015,1,20,"L","Eriksson Ek","Joel","C/RW/LW","MIN",15,3,4,2,2,7,1,-1.4,4,244,9551,159.2,10.62,10.61,"20.00%","100.00%","10.90%","0.941","1050","2.64","2.26","53.80%",1,"0.38",25,25,22,15,15,15,1.2,3,1,1,"2",31.2,27.8,"33.7",23,23,15,"8",7,3,3,8,3,3,8,"4.70%",45,64,45,64,"41.30%","68.60%",8,19,18,24,19,21,17,26,17,20,25,28,0,2,1,0,0,0,0,0,0,1,0,0,2,0,0,1,6,3,0,1,4,0,1,6,2,1,2,1,-1,0,2,0,0,0,0,119,169,94,132,64,101,4,6.3,10,17,7,6,1,3,7,4,8,7,72,87,69,77,11,15,8,8,0.7,0.2,0.8,636.05,35,13,"108.6",3.8,0.25
"548",1500000,"86-01-17","Gothenburg","","Sweden","Sweden",75,209,2006,6,161,"L","Stalberg","Viktor","LW/RW","CAR/OTT",75,11,5,5,0,16,-9,-1.1,41,1366,54903,913.6,12.2,12.19,"21.70%","69.60%","6.00%","0.915","975","1.51","2.5","37.70%",-15,"-0.99",181,181,142,101,101,101,9.8,38,9,11,"20",31,28.6,"127.8",141,141,112,"29",41,27,37,28,27,37,28,"3.30%",0,3,0,3,"0.00%","0.40%",0,1,0,1,0,1,0,1,0,1,0,2,0,1,2,0,0,0,1,0,0,4,1,0,5,0,1,2,38,6,0,4,30,7,2,52,19,15,18,13,-4,-2.8,18,1,0,0,0,753,851,546,635,382,445,32.5,38.4,106,128,23,38,26,27,45,37,71,64,371,386,391,398,125,145,51,48,0.4,0.8,1.2,3289.88,211,9.9,"105.3",18.4,0.25
"561",925000,"95-05-20","Arvika","","Sweden","Sweden",75,214,2013,2,34,"L","De la Rose","Jacob","LW","MTL",9,0,0,0,0,0,-3,-2,4,156,5890,98.1,10.9,10.9,"20.10%","0.00%","4.20%","0.909","951","0.61","3.06","16.70%",-4,"-2.45",9,9,8,4,4,4,0.5,0,0,0,"0",37.8,12.7,"0",23,23,9,"14",4,0,4,5,0,4,5,"4.90%",17,17,17,17,"50.00%","33.00%",7,10,7,6,3,1,2,3,5,5,13,13,0,0,0,0,0,0,0,0,0,0,0,0,0,0,1,1,2,1,0,1,0,0,0,2,2,0,2,0,-2,-2,2,0,0,0,0,60,103,43,72,24,55,2.7,5.4,4,15,1,5,1,5,2,10,3,15,52,51,39,44,17,14,6,3,-0.3,0,-0.3,390.07,32,13.5,"99.7",-1,-0.11
"566",7e+05,"91-04-12","Norrkoping","","Sweden","Sweden",75,203,2009,1,10,"L","Paajarvi","Magnus","LW","STL",32,8,5,3,2,13,9,2.2,6,582,23339,389.2,12.17,12.16,"22.70%","68.40%","10.40%","0.951","1054","2.93","1.39","67.90%",10,"1.54",81,81,63,51,51,51,5.1,24,3,7,"10",24.7,24.4,"54.5",29,29,39,"-10",12,0,11,16,0,11,16,"4.60%",1,2,1,2,"33.30%","0.90%",0,0,0,1,1,1,0,0,1,2,1,2,0,2,3,0,0,0,0,0,0,1,1,0,6,0,1,1,10,7,2,0,3,5,1,33,3,5,3,5,2,3,3,0,0,0,0,345,349,255,266,183,182,14.7,14.5,54,49,19,9,9,11,23,9,32,20,159,181,121,172,25,41,19,14,1.2,0.8,2.1,1327.15,51,13.3,"107",16.1,0.5
"582",7e+06,"80-09-26","Ornskoldsvik","","Sweden","Sweden",73,190,1999,1,2,"L","Sedin","Daniel","LW","VAN",82,15,29,22,7,44,-16,-12,32,1924,90456,1499.7,18.38,18.35,"31.30%","71.00%","7.90%","0.916","995","2.48","2.32","51.70%",4,"0.16",345,345,285,216,216,216,18.5,62,5,11,"16",31.6,29.6,"492.3",20,20,74,"-54",69,30,26,18,30,26,18,"1.60%",3,3,3,3,"50.00%","0.40%",0,2,1,1,2,0,0,2,2,0,2,3,1,4,3,0,0,0,0,0,3,3,1,0,8,0,5,4,60,14,8,30,23,8,1,132,16,8,16,9,-8,-4.2,16,0,0,0,0,1475,1145,1075,902,781,688,67.6,58.1,237,194,62,58,41,33,42,53,83,86,774,738,259,446,182,119,64,58,2.4,1.3,3.8,3288.16,70,2.9,"104.8",43.6,0.53
"593",3e+06,"90-10-13","G_vle","","Sweden","Sweden",74,196,2009,2,39,"R","Silfverberg","Jakob","RW/LW","ANA",79,23,26,15,11,49,10,8.2,20,1998,87616,1454.7,18.48,18.46,"31.20%","74.20%","8.60%","0.924","1010","2.72","2.23","55.00%",12,"0.49",383,383,303,227,227,227,23.2,87,17,31,"48",28.9,27.4,"290.6",47,47,138,"-91",76,38,46,46,38,46,46,"3.40%",1,6,1,6,"14.30%","0.50%",0,0,0,1,1,5,0,2,1,2,1,4,0,5,5,1,0,0,3,0,3,4,2,1,10,0,7,3,66,15,0,25,31,15,6,135,10,17,10,13,7,3.8,10,0,0,0,0,1442,1352,1092,1029,770,712,76.4,71.7,275,247,66,54,64,56,75,55,139,111,836,608,467,468,210,118,89,87,4,2.1,6.1,3201.68,113,9.3,"115.2",57.9,0.73
"596",1250000,"92-02-25","Stockholm","","Sweden","Sweden",73,189,2010,3,90,"L","Nordstrom","Joakim","LW/C","CAR",82,7,5,2,3,12,-12,-2.5,17,1564,62576,1031.5,12.72,12.67,"22.80%","63.20%","4.50%","0.923","968","1.11","2.21","33.30%",-19,"-1.11",184,185,144,104,104,104,10.7,43,9,9,"18",34.1,29.2,"44.6",148,144,120,"24",41,21,27,41,21,27,41,"4.20%",9,20,9,20,"31.00%","3.10%",1,1,1,4,7,15,3,7,2,3,5,14,0,3,2,0,0,0,2,0,0,2,0,0,3,0,1,3,37,8,0,6,32,8,0,50,7,11,7,12,4,5.8,6,1,0,0,0,805,967,603,711,423,496,38.9,47,135,165,19,38,33,42,48,49,81,91,491,456,441,465,120,168,45,41,-0.8,0.9,0,3488.72,207,29.2,"103.1",15.7,0.19
"598",842500,"93-09-23","Stockholm","","Sweden","Sweden",71,196,2012,2,37,"R","Aberg","Pontus","LW","NSH",15,1,1,0,1,2,-2,-1.2,4,256,11102,185,12.33,12.33,"24.90%","40.00%","6.50%","0.921","986","1.62","2.27","41.70%",-2,"-0.65",24,24,15,12,12,12,0.5,0,0,1,"1",32.9,31.8,"0",9,9,17,"-8",3,2,5,2,2,5,2,"1.30%",1,0,1,0,"100.00%","0.50%",1,0,0,0,0,0,1,0,0,0,1,0,0,0,0,0,0,0,0,0,0,1,0,0,0,0,1,0,2,0,1,0,1,1,1,8,2,3,2,2,1,0,2,0,0,0,0,142,159,106,117,77,89,5.6,6,18,20,5,7,4,4,10,9,14,13,97,92,68,72,28,23,13,13,-0.2,0.1,-0.1,558.17,15,7,"97.6",1,0.06
Binary file (standard input) matches
